,Dem vs. Rep,Dem vs. Neutr,Rep vs. Neutr,Dem vs. Rep,Dem vs. Neutr,Rep vs. Neutr
,ks-stat,ks-stat,ks-stat,p-value,p-value,p-value
1,0.4577777777777778,0.21040189125295508,0.45361702127659576,0.0003079919526296493,0.10897414345617151,0.0014275768493676733
2,0.25157232704402516,0.15176374077112387,0.22608695652173913,0.31747343317370136,0.40223641926617515,0.5350701727841073
3,0.23055162659123055,0.08658099852538445,0.21580547112462006,0.4578388179275703,0.9470038430323492,0.6120896401862757
4,0.4,0.1353334772285776,0.4,0.07577396505839795,0.5835460407991215,0.11505352796783652
