,Dem vs. Rep,Dem vs. Neutr,Rep vs. Neutr,Dem vs. Rep,Dem vs. Neutr,Rep vs. Neutr
,ks-stat,ks-stat,ks-stat,p-value,p-value,p-value
1,0.22170270796804986,0.0975441023867174,0.2674173117522871,0.052174474090458056,0.9298285244431899,0.017702967932962332
2,0.2196013289036545,0.21483516483516482,0.14177101967799643,0.03977540190733386,0.10617930686272203,0.4773972418231941
3,0.1756701030927835,0.13333333333333333,0.14164948453608248,0.1260900193053086,0.6284829947208033,0.4671828861089785
4,0.06776315789473684,0.14886363636363636,0.14258373205741626,0.9870622650553811,0.47201130639354927,0.43115903280697887
